A,2020-11-23,Oct 2020,0.91,0.98,0.07,7.6
AAL,2020-10-22,Sep 2020,-5.62,-5.54,0.08,1.4
AAP,2020-11-10,Sep 2020,2.63,2.81,0.18,6.8
AAPL,2020-10-29,Sep 2020,0.69,0.73,0.04,5.8
ABBV,2020-10-30,Sep 2020,2.75,2.83,0.08,2.9
ABC,2020-11-05,Sep 2020,1.87,1.89,0.02,1
ABMD,2020-10-29,Sep 2020,0.87,1.01,0.14,16
ABT,2020-10-21,Sep 2020,0.9,0.98,0.08,8.8
ACAD,2020-11-04,Sep 2020,-0.38,-0.54,-0.16,-42.1
ACC,2020-10-26,Sep 2020,0.3,0.32,0.02,6.6
ACGL,2020-10-29,Sep 2020,0.25,0.29,0.04,16
ACHC,2020-10-29,Sep 2020,0.55,0.68,0.13,23.6
ACI,2020-10-20,Aug 2020,0.27,0.6,0.33,122.2
ACM,2020-11-16,Sep 2020,0.57,0.6,0.03,5.2
ACN,2020-09-24,Aug 2020,1.74,1.7,-0.04,-2.3
ADBE,2020-09-15,Aug 2020,2.4,2.57,0.17,7
ADI,2020-11-24,Oct 2020,1.32,1.44,0.12,9
ADM,2020-10-29,Sep 2020,0.71,0.89,0.18,25.3
ADP,2020-10-28,Sep 2020,0.97,1.41,0.44,45.3
ADPT,2020-11-10,Sep 2020,-0.28,-0.27,0.01,3.5
ADS,2020-10-29,Sep 2020,2.28,3.45,1.17,51.3
ADSK,2020-11-24,Oct 2020,0.95,1.04,0.09,9.4
ADT,2020-11-05,Sep 2020,0.13,-0.08,-0.21,-161.5
AEE,2020-11-04,Sep 2020,1.44,1.47,0.03,2
AEP,2020-10-22,Sep 2020,1.46,1.47,0.01,0.6
AES,2020-11-06,Sep 2020,0.43,0.42,-0.01,-2.3
AFG,2020-10-28,Sep 2020,1.55,2.45,0.9,58
AFL,2020-10-27,Sep 2020,1.12,1.39,0.27,24.1
AGCO,2020-11-03,Sep 2020,1.02,2.09,1.07,104.9
AGIO,2020-11-05,Sep 2020,-1.4,-1.43,-0.03,-2.1
AGNC,2020-10-26,Sep 2020,0.57,0.81,0.24,42.1
AGR,2020-10-20,Sep 2020,0.41,0.32,-0.09,-21.9
AIG,2020-11-05,Sep 2020,0.62,0.81,0.19,30.6
AIV,2020-10-29,Sep 2020,0.73,0.76,0.03,4.1
AIZ,2020-11-02,Sep 2020,0.94,1.41,0.47,50
AJG,2020-10-29,Sep 2020,0.9,1.08,0.18,20
AKAM,2020-10-27,Sep 2020,1.23,1.31,0.08,6.5
AL,2020-11-09,Sep 2020,1.03,1.02,-0.01,-0.9
ALB,2020-11-04,Sep 2020,0.78,1.09,0.31,39.7
ALGN,2020-10-21,Sep 2020,0.59,2.25,1.66,281.3
ALK,2020-10-22,Sep 2020,-2.86,-3.23,-0.37,-12.9
ALKS,2020-10-29,Sep 2020,-0.01,0.26,0.27,2700
ALL,2020-11-04,Sep 2020,1.77,2.94,1.17,66.1
ALLE,2020-10-22,Sep 2020,1.2,1.67,0.47,39.1
ALLY,2020-10-16,Sep 2020,0.72,1.25,0.53,73.6
ALNY,2020-11-05,Sep 2020,-1.75,-2.18,-0.43,-24.5
ALSN,2020-10-28,Sep 2020,0.46,0.68,0.22,47.8
ALXN,2020-10-29,Sep 2020,2.59,3.24,0.65,25.1
AM,2020-10-28,Sep 2020,0.23,0.25,0.02,8.7
AMAT,2020-11-12,Oct 2020,1.17,1.25,0.08,6.8
AMCR,2020-11-05,Sep 2020,0.15,0.16,0.01,6.6
AMD,2020-10-27,Sep 2020,0.36,0.41,0.05,13.8
AME,2020-10-29,Sep 2020,0.95,1.01,0.06,6.3
AMED,2020-10-28,Sep 2020,1.27,2.24,0.97,76.3
AMG,2020-10-26,Sep 2020,2.86,3.27,0.41,14.3
AMGN,2020-10-28,Sep 2020,3.75,4.37,0.62,16.5
AMH,2020-11-05,Sep 2020,0.28,0.29,0.01,3.5
AMP,2020-10-28,Sep 2020,1.35,1.47,0.12,8.8
AMT,2020-10-29,Sep 2020,2.08,2.23,0.15,7.2
AMWL,2020-11-12,Sep 2020,-0.3,-0.92,-0.62,-206.6
AMZN,2020-10-29,Sep 2020,7.3,12.37,5.07,69.4
AN,2020-10-21,Sep 2020,1.63,2.38,0.75,46
ANET,2020-11-02,Sep 2020,2.23,2.42,0.19,8.5
ANSS,2020-11-04,Sep 2020,1.26,1.36,0.1,7.9
ANTM,2020-10-28,Sep 2020,4.04,4.2,0.16,3.9
AON,2020-10-30,Sep 2020,1.51,1.53,0.02,1.3
AOS,2020-10-29,Sep 2020,0.53,0.66,0.13,24.5
APA,2020-11-04,Sep 2020,-0.37,-0.16,0.21,56.7
APD,2020-11-11,Sep 2020,2.23,2.19,-0.04,-1.7
APH,2020-10-21,Sep 2020,0.44,0.55,0.11,25
APLE,2020-11-05,Sep 2020,0.06,-0.18,-0.24,-400
APO,2020-10-29,Sep 2020,0.49,0.47,-0.02,-4
APTV,2020-10-29,Sep 2020,0.79,1.13,0.34,43
ARD,2020-10-22,Sep 2020,0.44,0.48,0.04,9
ARE,2020-10-26,Sep 2020,1.83,1.83,0,0
ARES,2020-10-28,Sep 2020,0.42,0.48,0.06,14.2
ARMK,2020-11-17,Sep 2020,-0.31,-0.35,-0.04,-12.9
ARW,2020-10-29,Sep 2020,1.66,2.08,0.42,25.3
ASB,2020-10-22,Sep 2020,0.19,0.24,0.05,26.3
ASH,2020-11-10,Sep 2020,0.79,0.99,0.2,25.3
ATH,2020-11-03,Sep 2020,1.14,1.53,0.39,34.2
ATO,2020-11-11,Sep 2020,0.52,0.53,0.01,1.9
ATR,2020-10-29,Sep 2020,0.84,1,0.16,19
ATUS,2020-10-29,Sep 2020,0.23,0.34,0.11,47.8
ATVI,2020-10-29,Sep 2020,0.64,0.71,0.07,10.9
AVB,2020-10-28,Sep 2020,2.16,2.06,-0.1,-4.6
AVGO,2020-12-10,Oct 2020,6.26,6.35,0.09,1.4
AVLR,2020-11-05,Sep 2020,-0.09,0.02,0.11,122.2
AVT,2020-10-28,Sep 2020,0.12,0.36,0.24,200
AVTR,2020-10-27,Sep 2020,0.21,0.24,0.03,14.2
AVY,2020-10-21,Sep 2020,1.54,1.91,0.37,24
AWI,2020-10-27,Sep 2020,0.95,1.07,0.12,12.6
AWK,2020-11-04,Sep 2020,1.38,1.46,0.08,5.8
AXP,2020-10-23,Sep 2020,1.39,1.3,-0.09,-6.4
AXS,2020-10-28,Sep 2020,-0.87,-0.77,0.1,11.4
AXTA,2020-10-21,Sep 2020,0.33,0.59,0.26,78.7
AYI,2020-10-08,Aug 2020,1.96,2.35,0.39,19.9
AYX,2020-11-05,Sep 2020,0.12,0.39,0.27,225
AZEK,2020-12-03,Sep 2020,0.23,0.29,0.06,26
AZO,2020-09-22,Aug 2020,24.74,30.93,6.19,25
BA,2020-10-28,Sep 2020,-2.33,-1.39,0.94,40.3
BAC,2020-10-14,Sep 2020,0.53,0.51,-0.02,-3.7
BAH,2020-10-30,Sep 2020,0.92,1.03,0.11,11.9
BAX,2020-10-29,Sep 2020,0.73,0.83,0.1,13.7
BBY,2020-11-24,Oct 2020,1.76,2.06,0.3,17
BC,2020-10-29,Sep 2020,1.36,1.8,0.44,32.3
BDN,2020-10-21,Sep 2020,0.35,1.6,1.25,357.1
BDX,2020-11-05,Sep 2020,2.5,2.79,0.29,11.6
BEN,2020-10-27,Sep 2020,0.69,0.56,-0.13,-18.8
BERY,2020-11-19,Sep 2020,1.24,1.59,0.35,28.2
BFAM,2020-11-05,Sep 2020,-0.46,0.02,0.48,104.3
BG,2020-10-28,Sep 2020,0.2,2.47,2.27,1135
BHF,2020-11-05,Sep 2020,3.31,4.19,0.88,26.5
BIGC,2020-11-05,Sep 2020,-0.29,-0.16,0.13,44.8
BIIB,2020-10-21,Sep 2020,8.06,8.84,0.78,9.6
BILL,2020-11-05,Sep 2020,-0.08,-0.04,0.04,50
BIO,2020-10-29,Sep 2020,1.85,3,1.15,62.1
BK,2020-10-16,Sep 2020,0.96,0.98,0.02,2
BKI,2020-11-09,Sep 2020,0.5,0.52,0.02,4
BKNG,2020-11-05,Sep 2020,15.98,12.27,-3.71,-23.2
BKR,2020-10-21,Sep 2020,0.04,0.04,0,0
BLI,2020-11-12,Sep 2020,-0.2,-0.16,0.04,20
BLK,2020-10-13,Sep 2020,7.81,9.22,1.41,18
BLL,2020-11-05,Sep 2020,0.77,0.89,0.12,15.5
BLUE,2020-11-04,Sep 2020,-3.07,-2.94,0.13,4.2
BMRN,2020-11-05,Sep 2020,0.25,0.54,0.29,116
BMY,2020-11-05,Sep 2020,1.49,1.63,0.14,9.4
BOH,2020-10-26,Sep 2020,0.88,0.95,0.07,7.9
BOKF,2020-10-21,Sep 2020,1.51,2.19,0.68,45
BPOP,2020-10-28,Sep 2020,1.11,2,0.89,80.1
BR,2020-10-30,Sep 2020,0.63,0.98,0.35,55.5
BRKR,2020-11-02,Sep 2020,0.33,0.42,0.09,27.2
BRO,2020-10-26,Sep 2020,0.42,0.52,0.1,23.8
BRX,2020-11-04,Sep 2020,0.4,0.38,-0.02,-5
BSX,2020-10-28,Sep 2020,0.25,0.37,0.12,48
BURL,2020-11-24,Oct 2020,0.19,0.29,0.1,52.6
BWA,2020-10-29,Sep 2020,0.75,0.88,0.13,17.3
BWXT,2020-11-02,Sep 2020,0.67,0.79,0.12,17.9
BXP,2020-10-27,Sep 2020,1.64,1.57,-0.07,-4.2
BYND,2020-11-09,Sep 2020,0.03,-0.28,-0.31,-1033.3
C,2020-10-13,Sep 2020,1.01,1.4,0.39,38.6
CABO,2020-11-05,Sep 2020,10.7,10.96,0.26,2.4
CACC,2020-10-29,Sep 2020,5.69,13.56,7.87,138.3
CACI,2020-10-28,Sep 2020,3.15,3.67,0.52,16.5
CAG,2020-10-01,Aug 2020,0.57,0.7,0.13,22.8
CAH,2020-11-05,Sep 2020,1.14,1.51,0.37,32.4
CARR,2020-10-29,Sep 2020,0.48,0.67,0.19,39.5
CASY,2020-12-07,Oct 2020,2.66,3,0.34,12.7
CAT,2020-10-27,Sep 2020,1.15,1.34,0.19,16.5
CB,2020-10-27,Sep 2020,2.16,2,-0.16,-7.4
CBOE,2020-10-30,Sep 2020,1.07,1.11,0.04,3.7
CBRE,2020-10-29,Sep 2020,0.44,0.73,0.29,65.9
CBSH,2020-10-20,Sep 2020,0.67,1.06,0.39,58.2
CBT,2020-11-23,Sep 2020,0.58,0.68,0.1,17.2
CC,2020-11-03,Sep 2020,0.32,0.47,0.15,46.8
CCI,2020-10-21,Sep 2020,1.55,1.56,0.01,0.6
CCK,2020-10-19,Sep 2020,1.6,1.96,0.36,22.5
CCL,2020-10-08,Aug 2020,-2.22,-2.19,0.03,1.3
CDAY,2020-11-05,Sep 2020,0.06,0.12,0.06,100
CDK,2020-11-02,Sep 2020,0.69,0.82,0.13,18.8
CDNS,2020-10-19,Sep 2020,0.61,0.7,0.09,14.7
CDW,2020-11-02,Sep 2020,1.5,1.83,0.33,22
CE,2020-10-25,Sep 2020,1.69,1.95,0.26,15.3
CERN,2020-10-28,Sep 2020,0.71,0.72,0.01,1.4
CF,2020-11-04,Sep 2020,0.05,-0.13,-0.18,-360
CFG,2020-10-16,Sep 2020,0.7,0.68,-0.02,-2.8
CFR,2020-10-29,Sep 2020,1.19,1.5,0.31,26
CFX,2020-10-29,Sep 2020,0.4,0.41,0.01,2.5
CG,2020-10-29,Sep 2020,0.36,0.4,0.04,11.1
CGNX,2020-10-28,Sep 2020,0.33,0.49,0.16,48.4
CHD,2020-10-29,Sep 2020,0.67,0.7,0.03,4.4
CHE,2020-10-29,Sep 2020,3.99,4.86,0.87,21.8
CHGG,2020-10-26,Sep 2020,0.12,0.17,0.05,41.6
CHH,2020-11-05,Sep 2020,0.72,0.66,-0.06,-8.3
CHNG,2020-11-04,Sep 2020,0.25,0.32,0.07,28
CHRW,2020-10-27,Sep 2020,0.99,1,0.01,1
CHTR,2020-10-30,Sep 2020,3.05,3.9,0.85,27.8
CI,2020-11-05,Sep 2020,4.25,4.41,0.16,3.7
CIEN,2020-12-10,Oct 2020,0.64,0.6,-0.04,-6.2
CINF,2020-10-26,Sep 2020,0.41,0.39,-0.02,-4.8
CL,2020-10-30,Sep 2020,0.7,0.79,0.09,12.8
CLGX,2020-10-22,Sep 2020,1.17,1.21,0.04,3.4
CLH,2020-11-04,Sep 2020,0.28,0.9,0.62,221.4
CLR,2020-11-05,Sep 2020,-0.24,-0.16,0.08,33.3
CLX,2020-11-02,Sep 2020,2.34,3.22,0.88,37.6
CMA,2020-10-20,Sep 2020,0.87,1.44,0.57,65.5
CMCSA,2020-10-29,Sep 2020,0.51,0.65,0.14,27.4
CME,2020-10-28,Sep 2020,1.41,1.38,-0.03,-2.1
CMG,2020-10-21,Sep 2020,3.44,3.76,0.32,9.3
CMI,2020-10-27,Sep 2020,2.41,3.57,1.16,48.1
CMS,2020-10-29,Sep 2020,0.68,0.77,0.09,13.2
CNA,2020-11-02,Sep 2020,0.62,0.71,0.09,14.5
CNC,2020-10-27,Sep 2020,0.96,1.26,0.3,31.2
CNP,2020-11-05,Sep 2020,0.32,0.34,0.02,6.2
COF,2020-10-22,Sep 2020,1.99,5.05,3.06,153.7
COG,2020-10-29,Sep 2020,0.07,0.09,0.02,28.5
COHR,2020-11-10,Sep 2020,0.84,1.01,0.17,20.2
COLD,2020-11-05,Sep 2020,0.29,0.06,-0.23,-79.3
COLM,2020-10-29,Sep 2020,1.22,0.94,-0.28,-22.9
COMM,2020-11-05,Sep 2020,0.39,0.51,0.12,30.7
CONE,2020-10-28,Sep 2020,0.91,0.96,0.05,5.4
COO,2020-12-03,Oct 2020,3.11,3.16,0.05,1.6
COP,2020-10-29,Sep 2020,-0.3,-0.31,-0.01,-3.3
COR,2020-10-29,Sep 2020,1.29,0.5,-0.79,-61.2
COST,2020-09-24,Aug 2020,2.85,3.13,0.28,9.8
COTY,2020-11-06,Sep 2020,-0.07,0.11,0.18,257.1
COUP,2020-12-07,Oct 2020,0.04,0.18,0.14,350
CPA,2020-11-18,Sep 2020,-2.79,-2.86,-0.07,-2.5
CPB,2020-12-09,Oct 2020,0.91,1.02,0.11,12
CPRI,2020-11-05,Sep 2020,0.07,0.9,0.83,1185.7
CPRT,2020-11-18,Oct 2020,0.69,0.79,0.1,14.4
CPT,2020-10-29,Sep 2020,1.18,1.25,0.07,5.9
CR,2020-10-26,Sep 2020,0.82,1.05,0.23,28
CREE,2020-10-28,Sep 2020,-0.22,-0.19,0.03,13.6
CRI,2020-10-23,Sep 2020,1.67,1.96,0.29,17.3
CRL,2020-10-29,Sep 2020,1.8,2.33,0.53,29.4
CRM,2020-12-01,Oct 2020,0.74,1.74,1,135.1
CRUS,2020-11-02,Sep 2020,0.89,1.26,0.37,41.5
CSCO,2020-11-12,Oct 2020,0.71,0.76,0.05,7
CSGP,2020-10-27,Sep 2020,2.08,2.26,0.18,8.6
CSL,2020-10-20,Sep 2020,1.74,1.94,0.2,11.4
CSX,2020-10-21,Sep 2020,0.93,0.96,0.03,3.2
CTAS,2020-09-23,Aug 2020,2.16,2.78,0.62,28.7
CTLT,2020-11-03,Sep 2020,0.38,0.43,0.05,13.1
CTSH,2020-10-28,Sep 2020,0.9,0.97,0.07,7.7
CTVA,2020-11-04,Sep 2020,-0.42,-0.39,0.03,7.1
CTXS,2020-10-22,Sep 2020,1.23,1.38,0.15,12.2
CUBE,2020-11-05,Sep 2020,0.41,0.24,-0.17,-41.4
CUZ,2020-10-28,Sep 2020,0.67,0.69,0.02,2.9
CVNA,2020-10-29,Sep 2020,-0.3,-0.1,0.2,66.6
CVS,2020-11-06,Sep 2020,1.34,1.66,0.32,23.8
CVX,2020-10-30,Sep 2020,-0.29,0.11,0.4,137.9
CW,2020-10-28,Sep 2020,1.53,1.85,0.32,20.9
D,2020-11-05,Sep 2020,1,1.08,0.08,8
DAL,2020-10-13,Sep 2020,-3.14,-3.3,-0.16,-5.1
DBX,2020-11-05,Sep 2020,0.19,0.26,0.07,36.8
DCI,2020-12-03,Oct 2020,0.45,0.48,0.03,6.6
DCT,2020-10-20,Aug 2020,-0.03,0.02,0.05,166.6
DD,2020-10-29,Sep 2020,0.77,0.88,0.11,14.2
DDOG,2020-11-10,Sep 2020,0.01,0.05,0.04,400
DE,2020-11-25,Oct 2020,1.44,2.39,0.95,65.9
DEI,2020-11-02,Sep 2020,0.43,0.4,-0.03,-6.9
DELL,2020-11-24,Oct 2020,1.39,2.03,0.64,46
DFS,2020-10-21,Sep 2020,1.63,2.45,0.82,50.3
DG,2020-12-03,Oct 2020,1.99,2.31,0.32,16
DGX,2020-10-22,Sep 2020,3.75,4.31,0.56,14.9
DHI,2020-11-10,Sep 2020,1.76,2.24,0.48,27.2
DHR,2020-10-22,Sep 2020,1.37,1.72,0.35,25.5
DIS,2020-11-12,Sep 2020,-0.68,-0.2,0.48,70.5
DISCA,2020-11-05,Sep 2020,0.68,0.81,0.13,19.1
DISH,2020-11-06,Sep 2020,0.67,0.86,0.19,28.3
DKS,2020-11-24,Oct 2020,0.94,2.01,1.07,113.8
DLB,2020-11-12,Sep 2020,0.34,0.45,0.11,32.3
DLR,2020-10-29,Sep 2020,1.48,1.54,0.06,4
DLTR,2020-11-24,Oct 2020,1.15,1.39,0.24,20.8
DNB,2020-11-05,Sep 2020,0.22,0.24,0.02,9
DOCU,2020-12-03,Oct 2020,0.12,0.22,0.1,83.3
DOV,2020-10-20,Sep 2020,1.31,1.6,0.29,22.1
DOW,2020-10-22,Sep 2020,0.33,0.5,0.17,51.5
DOX,2020-11-10,Sep 2020,1.19,1.23,0.04,3.3
DPZ,2020-10-08,Sep 2020,2.75,2.49,-0.26,-9.4
DRE,2020-10-28,Sep 2020,0.39,0.4,0.01,2.5
DRI,2020-09-24,Aug 2020,0.05,0.56,0.51,1020
DT,2020-10-28,Sep 2020,0.1,0.18,0.08,80
DTE,2020-10-27,Sep 2020,2.06,2.61,0.55,26.7
DUK,2020-11-05,Sep 2020,1.79,1.87,0.08,4.4
DVA,2020-10-29,Sep 2020,1.49,1.8,0.31,20.8
DVN,2020-10-29,Sep 2020,-0.08,-0.04,0.04,50
DXC,2020-11-05,Sep 2020,0.38,0.64,0.26,68.4
DXCM,2020-10-27,Sep 2020,0.64,0.94,0.3,46.8
EA,2020-11-05,Sep 2020,0.02,0.29,0.27,1350
EAF,2020-11-03,Sep 2020,0.31,0.35,0.04,12.9
EBAY,2020-10-28,Sep 2020,0.76,0.85,0.09,11.8
ECL,2020-10-27,Sep 2020,1.09,1.15,0.06,5.5
ED,2020-11-05,Sep 2020,1.51,1.48,-0.03,-1.9
EEFT,2020-10-28,Sep 2020,0.52,1.12,0.6,115.3
EFX,2020-10-21,Sep 2020,1.61,1.87,0.26,16.1
EHC,2020-10-28,Sep 2020,0.75,0.78,0.03,4
EIX,2020-10-27,Sep 2020,1.44,1.67,0.23,15.9
EL,2020-11-02,Sep 2020,0.9,1.44,0.54,60
ELAN,2020-11-06,Sep 2020,0.12,0.13,0.01,8.3
ELS,2020-10-19,Sep 2020,0.52,0.55,0.03,5.7
EMN,2020-10-29,Sep 2020,1.4,1.57,0.17,12.1
EMR,2020-11-03,Sep 2020,0.95,1.1,0.15,15.7
ENPH,2020-10-27,Sep 2020,0.24,0.3,0.06,25
ENR,2020-11-12,Sep 2020,0.8,0.59,-0.21,-26.2
ENTG,2020-10-22,Sep 2020,0.63,0.67,0.04,6.3
EOG,2020-11-05,Sep 2020,0.16,0.43,0.27,168.7
EPAM,2020-11-05,Sep 2020,1.47,1.65,0.18,12.2
EPR,2020-11-04,Sep 2020,0.32,0.04,-0.28,-87.5
EQC,2020-10-28,Sep 2020,0.03,-0.01,-0.04,-133.3
EQH,2020-11-04,Sep 2020,1.16,1.24,0.08,6.9
EQIX,2020-10-28,Sep 2020,6.03,6.48,0.45,7.4
EQR,2020-10-27,Sep 2020,0.82,0.77,-0.05,-6.1
EQT,2020-10-22,Sep 2020,-0.22,-0.15,0.07,31.8
ERIE,2020-10-29,Sep 2020,1.65,1.71,0.06,3.6
ES,2020-11-03,Sep 2020,1.02,1.01,-0.01,-0.9
ESI,2020-10-27,Sep 2020,0.2,0.22,0.02,10
ESRT,2020-10-28,Sep 2020,0.13,-0.05,-0.18,-138.4
ESS,2020-10-28,Sep 2020,3.16,3.15,-0.01,-0.3
ESTC,2020-12-02,Oct 2020,-0.2,-0.03,0.17,85
ETN,2020-11-03,Sep 2020,1.05,1.18,0.13,12.3
ETR,2020-10-28,Sep 2020,2.42,2.44,0.02,0.8
ETRN,2020-11-03,Sep 2020,0.29,0.31,0.02,6.9
ETSY,2020-10-28,Sep 2020,0.62,0.7,0.08,12.9
EVBG,2020-11-05,Sep 2020,-0.11,0.05,0.16,145.4
EVR,2020-10-21,Sep 2020,0.37,1.11,0.74,200
EVRG,2020-11-05,Sep 2020,1.65,1.73,0.08,4.8
EW,2020-10-21,Sep 2020,0.45,0.51,0.06,13.3
EWBC,2020-10-22,Sep 2020,0.94,1.12,0.18,19.1
EXAS,2020-10-27,Sep 2020,-0.51,-0.36,0.15,29.4
EXC,2020-11-03,Sep 2020,0.87,1.04,0.17,19.5
EXEL,2020-11-05,Sep 2020,-0.05,-0.1,-0.05,-100
EXP,2020-10-29,Sep 2020,1.86,2.02,0.16,8.6
EXPD,2020-11-03,Sep 2020,0.98,1.12,0.14,14.2
EXPE,2020-11-04,Sep 2020,-0.92,-0.22,0.7,76
EXR,2020-11-04,Sep 2020,1.24,1.31,0.07,5.6
F,2020-10-28,Sep 2020,0.22,0.65,0.43,195.4
FAF,2020-10-22,Sep 2020,1.35,1.31,-0.04,-2.9
FANG,2020-11-02,Sep 2020,0.37,0.62,0.25,67.5
FAST,2020-10-13,Sep 2020,0.37,0.38,0.01,2.7
FB,2020-10-29,Sep 2020,1.94,2.71,0.77,39.6
FBHS,2020-10-28,Sep 2020,1.06,1.19,0.13,12.2
FCN,2020-10-29,Sep 2020,1.37,1.54,0.17,12.4
FCX,2020-10-22,Sep 2020,0.24,0.29,0.05,20.8
FDS,2020-09-24,Aug 2020,2.54,2.88,0.34,13.3
FDX,2020-09-15,Aug 2020,2.59,4.87,2.28,88
FE,2020-11-02,Sep 2020,0.8,0.84,0.04,5
FEYE,2020-10-27,Sep 2020,0.07,0.11,0.04,57.1
FFIV,2020-10-26,Sep 2020,2.38,2.43,0.05,2.1
FHB,2020-10-23,Sep 2020,0.31,0.5,0.19,61.2
FHN,2020-10-23,Sep 2020,0.17,0.35,0.18,105.8
FICO,2020-11-10,Sep 2020,2.26,3.25,0.99,43.8
FIS,2020-10-29,Sep 2020,1.42,1.42,0,0
FISV,2020-10-27,Sep 2020,1.15,1.2,0.05,4.3
FITB,2020-10-22,Sep 2020,0.59,0.85,0.26,44
FIVE,2020-12-02,Oct 2020,0.19,0.36,0.17,89.4
FIVN,2020-10-29,Sep 2020,0.18,0.27,0.09,50
FL,2020-11-20,Oct 2020,0.6,1.21,0.61,101.6
FLIR,2020-10-30,Sep 2020,0.56,0.64,0.08,14.2
FLO,2020-11-05,Sep 2020,0.25,0.29,0.04,16
FLS,2020-11-05,Sep 2020,0.44,0.5,0.06,13.6
FLT,2020-11-05,Sep 2020,2.66,2.8,0.14,5.2
FMC,2020-11-02,Sep 2020,1.11,1.22,0.11,9.9
FNB,2020-10-19,Sep 2020,0.23,0.26,0.03,13
FND,2020-10-29,Sep 2020,0.4,0.56,0.16,40
FNF,2020-11-04,Sep 2020,1.25,1.48,0.23,18.4
FOXA,2020-11-03,Sep 2020,0.81,1.18,0.37,45.6
FR,2020-10-21,Sep 2020,0.46,0.49,0.03,6.5
FRC,2020-10-13,Sep 2020,1.38,1.61,0.23,16.6
FRT,2020-11-05,Sep 2020,1.1,1.12,0.02,1.8
FSLR,2020-10-27,Sep 2020,0.6,1.45,0.85,141.6
FSLY,2020-10-28,Sep 2020,-0.01,-0.04,-0.03,-300
FTDR,2020-11-04,Sep 2020,0.59,0.59,0,0
FTNT,2020-10-29,Sep 2020,0.78,0.88,0.1,12.8
FTV,2020-10-27,Sep 2020,0.88,0.94,0.06,6.8
FWONK,2020-11-05,Sep 2020,-0.04,-0.41,-0.37,-925
G,2020-11-02,Sep 2020,0.5,0.56,0.06,12
GBT,2020-11-05,Sep 2020,-0.72,-0.97,-0.25,-34.7
GD,2020-10-28,Sep 2020,2.85,2.9,0.05,1.7
GDDY,2020-11-04,Sep 2020,0.31,0.38,0.07,22.5
GE,2020-10-28,Sep 2020,-0.06,0.06,0.12,200
GGG,2020-10-21,Sep 2020,0.42,0.59,0.17,40.4
GH,2020-11-05,Sep 2020,-0.34,-0.78,-0.44,-129.4
GILD,2020-10-28,Sep 2020,1.83,2.11,0.28,15.3
GIS,2020-09-23,Aug 2020,0.87,1,0.13,14.9
GL,2020-10-21,Sep 2020,1.76,1.75,-0.01,-0.5
GLOB,2020-11-12,Sep 2020,0.59,0.6,0.01,1.6
GLPI,2020-10-27,Sep 2020,0.85,0.89,0.04,4.7
GLW,2020-10-27,Sep 2020,0.38,0.43,0.05,13.1
GM,2020-11-05,Sep 2020,1.47,2.83,1.36,92.5
GMED,2020-10-28,Sep 2020,0.31,0.49,0.18,58
GNRC,2020-10-28,Sep 2020,1.75,2.08,0.33,18.8
GNTX,2020-10-23,Sep 2020,0.41,0.48,0.07,17
GO,2020-11-10,Sep 2020,0.23,0.5,0.27,117.3
GOOG,2020-10-29,Sep 2020,11.4,16.4,5,43.8
GOOGL,2020-10-29,Sep 2020,11.4,16.4,5,43.8
GPC,2020-10-22,Sep 2020,1.48,1.63,0.15,10.1
GPK,2020-10-20,Sep 2020,0.22,0.26,0.04,18.1
GPN,2020-10-29,Sep 2020,1.65,1.71,0.06,3.6
GPS,2020-11-24,Oct 2020,0.29,0.25,-0.04,-13.7
GRA,2020-10-28,Sep 2020,0.5,0.56,0.06,12
GRMN,2020-10-28,Sep 2020,1.01,1.58,0.57,56.4
GRUB,2020-10-28,Sep 2020,-0.07,0.16,0.23,328.5
GS,2020-10-14,Sep 2020,5.58,9.68,4.1,73.4
GTES,2020-11-03,Sep 2020,0.17,0.26,0.09,52.9
GWRE,2020-12-08,Oct 2020,-0.06,0.17,0.23,383.3
GWW,2020-10-22,Sep 2020,4.13,4.52,0.39,9.4
H,2020-11-04,Sep 2020,-1.25,-1.48,-0.23,-18.4
HAE,2020-11-04,Sep 2020,0.5,0.62,0.12,24
HAIN,2020-11-09,Sep 2020,0.18,0.27,0.09,50
HAL,2020-10-19,Sep 2020,0.08,0.11,0.03,37.5
HAS,2020-10-26,Sep 2020,1.67,1.88,0.21,12.5
HBAN,2020-10-22,Sep 2020,0.25,0.27,0.02,8
HBI,2020-11-05,Sep 2020,0.36,0.42,0.06,16.6
HCA,2020-10-26,Sep 2020,2.69,1.92,-0.77,-28.6
HD,2020-11-17,Oct 2020,3.08,3.18,0.1,3.2
HEI,2020-12-21,Oct 2020,0.43,0.45,0.02,4.6
HES,2020-10-28,Sep 2020,-0.71,-0.71,0,0
HFC,2020-11-05,Sep 2020,-0.54,-0.41,0.13,24
HHC,2020-11-05,Sep 2020,-0.52,2.7,3.22,619.2
HIG,2020-10-29,Sep 2020,0.88,1.46,0.58,65.9
HII,2020-11-05,Sep 2020,4.18,5.45,1.27,30.3
HIW,2020-10-27,Sep 2020,0.88,0.86,-0.02,-2.2
HLF,2020-11-05,Sep 2020,0.93,1.15,0.22,23.6
HLT,2020-11-04,Sep 2020,-0.09,0.06,0.15,166.6
HOG,2020-10-27,Sep 2020,0.22,0.78,0.56,254.5
HOLX,2020-11-04,Sep 2020,1.22,2.07,0.85,69.6
HON,2020-10-30,Sep 2020,1.49,1.56,0.07,4.7
HP,2020-11-19,Sep 2020,-0.8,-0.74,0.06,7.5
HPE,2020-12-01,Oct 2020,0.34,0.37,0.03,8.8
HPP,2020-10-29,Sep 2020,0.44,-0.04,-0.48,-109
HPQ,2020-11-24,Oct 2020,0.52,0.62,0.1,19.2
HRB,2020-12-08,Oct 2020,-0.93,-1.09,-0.16,-17.2
HRC,2020-11-06,Sep 2020,1.08,1.17,0.09,8.3
HRL,2020-11-24,Oct 2020,0.44,0.43,-0.01,-2.2
HSIC,2020-11-02,Sep 2020,0.72,1.03,0.31,43
HST,2020-11-04,Sep 2020,-0.21,-0.11,0.1,47.6
HSY,2020-11-06,Sep 2020,1.71,1.86,0.15,8.7
HTA,2020-11-03,Sep 2020,0.42,0.43,0.01,2.3
HUBB,2020-10-27,Sep 2020,2.04,2.3,0.26,12.7
HUBS,2020-11-05,Sep 2020,0.13,0.28,0.15,115.3
HUM,2020-11-03,Sep 2020,2.86,3.08,0.22,7.6
HUN,2020-10-29,Sep 2020,0.25,0.32,0.07,28
HWM,2020-11-09,Sep 2020,0.04,0.03,-0.01,-25
HXL,2020-10-19,Sep 2020,0.07,-0.29,-0.36,-514.2
HZNP,2020-11-02,Sep 2020,1,1.74,0.74,74
IAA,2020-11-02,Sep 2020,0.31,0.41,0.1,32.2
IAC,2020-11-05,Sep 2020,-0.61,-0.63,-0.02,-3.2
IART,2020-10-28,Sep 2020,0.57,0.8,0.23,40.3
IBKR,2020-10-20,Sep 2020,0.53,0.53,0,0
IBM,2020-10-19,Sep 2020,2.55,2.58,0.03,1.1
ICE,2020-10-29,Sep 2020,0.99,1.03,0.04,4
ICUI,2020-11-05,Sep 2020,1.28,1.9,0.62,48.4
IDA,2020-10-29,Sep 2020,1.99,2.02,0.03,1.5
IDXX,2020-10-29,Sep 2020,1.42,1.69,0.27,19
IEX,2020-10-27,Sep 2020,1.2,1.4,0.2,16.6
IFF,2020-11-09,Sep 2020,1.45,1.4,-0.05,-3.4
ILMN,2020-10-29,Sep 2020,0.77,1.02,0.25,32.4
INCY,2020-11-05,Sep 2020,0.72,0.23,-0.49,-68
INFO,2020-09-29,Aug 2020,0.69,0.77,0.08,11.5
INTC,2020-10-22,Sep 2020,1.1,1.11,0.01,0.9
INTU,2020-11-19,Oct 2020,0.38,0.94,0.56,147.3
INVH,2020-10-28,Sep 2020,0.31,0.06,-0.25,-80.6
IONS,2020-11-04,Sep 2020,-0.09,-0.22,-0.13,-144.4
IOVA,2020-11-05,Sep 2020,-0.46,-0.4,0.06,13
IP,2020-10-29,Sep 2020,0.48,0.71,0.23,47.9
IPG,2020-10-21,Sep 2020,0.37,0.53,0.16,43.2
IPGP,2020-10-30,Sep 2020,0.89,1.29,0.4,44.9
IQV,2020-10-20,Sep 2020,1.51,1.63,0.12,7.9
IR,2020-11-02,Sep 2020,0.31,0.4,0.09,29
IRM,2020-11-05,Sep 2020,0.55,0.61,0.06,10.9
ISRG,2020-10-15,Sep 2020,2,2.77,0.77,38.5
IT,2020-11-03,Sep 2020,0.51,0.91,0.4,78.4
ITT,2020-10-30,Sep 2020,0.71,0.82,0.11,15.4
ITW,2020-10-23,Sep 2020,1.45,1.83,0.38,26.2
IVZ,2020-10-27,Sep 2020,0.48,0.53,0.05,10.4
J,2020-11-24,Sep 2020,1.3,1.63,0.33,25.3
JAMF,2020-11-12,Sep 2020,0.03,0.07,0.04,133.3
JAZZ,2020-11-02,Sep 2020,4.03,4.31,0.28,6.9
JBGS,2020-11-03,Sep 2020,0.29,-0.18,-0.47,-162
JBHT,2020-10-16,Sep 2020,1.26,1.18,-0.08,-6.3
JBL,2020-09-24,Aug 2020,0.66,0.98,0.32,48.4
JBLU,2020-10-27,Sep 2020,-1.91,-1.75,0.16,8.3
JCI,2020-11-03,Sep 2020,0.73,0.76,0.03,4.1
JEF,2020-09-23,Aug 2020,0.27,1.07,0.8,296.3
JKHY,2020-11-04,Sep 2020,1.07,1.19,0.12,11.2
JLL,2020-11-02,Sep 2020,1.34,2.99,1.65,123.1
JNJ,2020-10-13,Sep 2020,1.99,2.2,0.21,10.5
JNPR,2020-10-27,Sep 2020,0.44,0.43,-0.01,-2.2
JPM,2020-10-13,Sep 2020,2.35,2.92,0.57,24.2
JWN,2020-11-24,Oct 2020,0.01,0.22,0.21,2100
K,2020-10-29,Sep 2020,0.88,0.91,0.03,3.4
KDP,2020-10-29,Sep 2020,0.37,0.39,0.02,5.4
KEX,2020-10-29,Sep 2020,0.37,0.46,0.09,24.3
KEY,2020-10-21,Sep 2020,0.35,0.41,0.06,17.1
KEYS,2020-11-18,Oct 2020,1.46,1.62,0.16,10.9
KHC,2020-10-29,Sep 2020,0.63,0.7,0.07,11.1
KIM,2020-11-05,Sep 2020,0.26,0.25,-0.01,-3.8
KKR,2020-10-30,Sep 2020,0.4,0.48,0.08,20
KLAC,2020-10-28,Sep 2020,2.75,3.03,0.28,10.1
KMB,2020-10-22,Sep 2020,1.76,1.72,-0.04,-2.2
KMI,2020-10-21,Sep 2020,0.21,0.21,0,0
KMPR,2020-11-02,Sep 2020,0.91,1.36,0.45,49.4
KMX,2020-09-24,Aug 2020,1.03,1.79,0.76,73.7
KNX,2020-10-21,Sep 2020,0.63,0.79,0.16,25.4
KO,2020-10-22,Sep 2020,0.45,0.55,0.1,22.2
KR,2020-12-03,Oct 2020,0.66,0.71,0.05,7.5
KRC,2020-10-28,Sep 2020,0.95,0.99,0.04,4.2
KSS,2020-11-17,Oct 2020,-0.43,0.01,0.44,102.3
KSU,2020-10-16,Sep 2020,1.88,1.96,0.08,4.2
LAMR,2020-11-05,Sep 2020,1.18,1.32,0.14,11.8
LAZ,2020-10-29,Sep 2020,0.49,0.67,0.18,36.7
LB,2020-11-18,Oct 2020,0.06,1.13,1.07,1783.3
LBRDK,2020-11-04,Sep 2020,0.71,0.38,-0.33,-46.4
LDOS,2020-11-02,Sep 2020,1.25,1.47,0.22,17.6
LEA,2020-10-30,Sep 2020,3.22,3.73,0.51,15.8
LECO,2020-10-27,Sep 2020,0.79,1.1,0.31,39.2
LEG,2020-11-02,Sep 2020,0.7,0.8,0.1,14.2
LEN,2020-09-14,Aug 2020,1.51,2.12,0.61,40.4
LESL,2020-12-21,Sep 2020,0.21,0.28,0.07,33.3
LFUS,2020-10-28,Sep 2020,1.15,2.16,1.01,87.8
LH,2020-10-27,Sep 2020,5.29,8.41,3.12,58.9
LHX,2020-10-30,Sep 2020,2.72,2.84,0.12,4.4
LII,2020-10-19,Sep 2020,3.13,3.53,0.4,12.7
LIN,2020-11-05,Sep 2020,1.97,2.15,0.18,9.1
LITE,2020-11-02,Sep 2020,1.47,1.78,0.31,21
LKQ,2020-10-29,Sep 2020,0.52,0.75,0.23,44.2
LLY,2020-10-27,Sep 2020,1.76,1.54,-0.22,-12.5
LMND,2020-11-10,Sep 2020,-0.69,-0.57,0.12,17.3
LMT,2020-10-20,Sep 2020,6.07,6.25,0.18,2.9
LNC,2020-11-04,Sep 2020,2.16,-0.72,-2.88,-133.3
LNG,2020-11-06,Sep 2020,-0.57,-0.87,-0.3,-52.6
LNT,2020-11-02,Sep 2020,0.89,0.94,0.05,5.6
LOPE,2020-11-05,Sep 2020,1.12,1.14,0.02,1.7
LOW,2020-11-18,Oct 2020,1.97,1.98,0.01,0.5
LPLA,2020-10-29,Sep 2020,1.25,1.44,0.19,15.2
LRCX,2020-10-21,Sep 2020,5.17,5.67,0.5,9.6
LSI,2020-11-05,Sep 2020,0.99,0.52,-0.47,-47.4
LSTR,2020-10-21,Sep 2020,1.43,1.61,0.18,12.5
LSXMK,2020-11-05,Sep 2020,0.41,0.03,-0.38,-92.6
LULU,2020-12-10,Oct 2020,0.87,1.16,0.29,33.3
LUMN,2020-11-04,Sep 2020,0.31,0.4,0.09,29
LUV,2020-10-22,Sep 2020,-2.44,-1.99,0.45,18.4
LVS,2020-10-21,Sep 2020,-0.58,-0.67,-0.09,-15.5
LW,2020-10-07,Aug 2020,0.3,0.61,0.31,103.3
LYB,2020-10-30,Sep 2020,1.1,1.27,0.17,15.4
LYFT,2020-11-10,Sep 2020,-0.89,-0.9,-0.01,-1.1
LYV,2020-11-05,Sep 2020,-2.12,-2.45,-0.33,-15.5
MA,2020-10-28,Sep 2020,1.65,1.6,-0.05,-3
MAA,2020-10-28,Sep 2020,1.53,1.57,0.04,2.6
MAN,2020-10-20,Sep 2020,0.63,1.2,0.57,90.4
MANH,2020-10-22,Sep 2020,0.4,0.51,0.11,27.5
MAR,2020-11-06,Sep 2020,-0.07,0.06,0.13,185.7
MAS,2020-10-28,Sep 2020,0.79,1.04,0.25,31.6
MASI,2020-10-27,Sep 2020,0.56,0.8,0.24,42.8
MAT,2020-10-22,Sep 2020,0.38,0.95,0.57,150
MCD,2020-11-09,Sep 2020,1.93,2.22,0.29,15
MCFE,2020-11-19,Sep 2020,0.35,0.34,-0.01,-2.8
MCHP,2020-11-05,Sep 2020,1.42,1.56,0.14,9.8
MCK,2020-11-03,Sep 2020,3.87,4.8,0.93,24
MCO,2020-10-29,Sep 2020,2.19,2.69,0.5,22.8
MCY,2020-11-03,Sep 2020,1.42,1.23,-0.19,-13.3
MDB,2020-12-08,Oct 2020,-0.46,-0.31,0.15,32.6
MDLA,2020-12-03,Oct 2020,-0.01,0.01,0.02,200
MDLZ,2020-11-02,Sep 2020,0.63,0.63,0,0
MDT,2020-11-24,Oct 2020,0.78,1.02,0.24,30.7
MET,2020-11-04,Sep 2020,1.65,1.73,0.08,4.8
MGM,2020-10-29,Sep 2020,-1.1,-1.08,0.02,1.8
MHK,2020-10-29,Sep 2020,2.31,3.26,0.95,41.1
MIC,2020-11-09,Sep 2020,0.8,0.43,-0.37,-46.2
MIDD,2020-11-05,Sep 2020,1.02,1.34,0.32,31.3
MKC,2020-09-29,Aug 2020,0.76,0.77,0.01,1.3
MKL,2020-10-27,Sep 2020,0.81,4.41,3.6,444.4
MKSI,2020-10-27,Sep 2020,1.76,1.93,0.17,9.6
MKTX,2020-10-27,Sep 2020,1.74,1.78,0.04,2.3
MLM,2020-10-29,Sep 2020,3.76,4.71,0.95,25.2
MMC,2020-10-29,Sep 2020,0.74,0.82,0.08,10.8
MMM,2020-10-27,Sep 2020,2.27,2.43,0.16,7
MNST,2020-11-05,Sep 2020,0.63,0.65,0.02,3.1
MO,2020-10-30,Sep 2020,1.15,1.19,0.04,3.4
MOH,2020-10-28,Sep 2020,2.19,3.36,1.17,53.4
MOS,2020-11-02,Sep 2020,0.22,0.23,0.01,4.5
MPC,2020-11-02,Sep 2020,-1.75,-1,0.75,42.8
MPW,2020-10-29,Sep 2020,0.39,0.41,0.02,5.1
MPWR,2020-10-29,Sep 2020,1.68,1.69,0.01,0.6
MRCY,2020-11-03,Sep 2020,0.47,0.51,0.04,8.5
MRK,2020-10-27,Sep 2020,1.44,1.74,0.3,20.8
MRNA,2020-10-29,Sep 2020,-0.43,-0.59,-0.16,-37.2
MRO,2020-11-04,Sep 2020,-0.28,-0.28,0,0
MRVL,2020-12-03,Oct 2020,0.25,0.25,0,0
MS,2020-10-15,Sep 2020,1.26,1.59,0.33,26.1
MSA,2020-10-28,Sep 2020,1.1,0.94,-0.16,-14.5
MSCI,2020-10-27,Sep 2020,1.83,2.2,0.37,20.2
MSFT,2020-10-27,Sep 2020,1.53,1.82,0.29,18.9
MSGE,2020-11-16,Sep 2020,-4.72,-3.04,1.68,35.5
MSGS,2020-11-09,Sep 2020,-0.79,-1.18,-0.39,-49.3
MSI,2020-10-29,Sep 2020,1.76,1.95,0.19,10.8
MSM,2020-10-27,Aug 2020,0.96,1.09,0.13,13.5
MSP,2020-11-23,Sep 2020,0.19,0.18,-0.01,-5.2
MTB,2020-10-22,Sep 2020,2.63,2.77,0.14,5.3
MTCH,2020-11-04,Sep 2020,0.57,0.55,-0.02,-3.5
MTD,2020-11-05,Sep 2020,6.02,7.02,1,16.6
MTG,2020-11-04,Sep 2020,0.33,0.43,0.1,30.3
MTN,2020-12-10,Oct 2020,-3.59,-3.63,-0.04,-1.1
MU,2020-09-29,Aug 2020,1,1.08,0.08,8
MUR,2020-11-05,Sep 2020,-0.19,-0.15,0.04,21
MXIM,2020-10-27,Sep 2020,0.58,0.72,0.14,24.1
NATI,2020-10-29,Sep 2020,0.19,0.23,0.04,21
NBIX,2020-11-09,Sep 2020,0.11,-0.62,-0.73,-663.6
NCLH,2020-11-09,Sep 2020,-2.24,-2.35,-0.11,-4.9
NCNO,2020-12-09,Oct 2020,-0.09,-0.03,0.06,66.6
NCR,2020-10-27,Sep 2020,0.36,0.54,0.18,50
NDAQ,2020-10-21,Sep 2020,1.45,1.53,0.08,5.5
NDSN,2020-12-15,Oct 2020,1.53,1.59,0.06,3.9
NEE,2020-10-21,Sep 2020,0.66,0.67,0.01,1.5
NEM,2020-10-29,Sep 2020,0.79,0.86,0.07,8.8
NET,2020-11-05,Sep 2020,-0.05,-0.02,0.03,60
NEWR,2020-11-05,Sep 2020,0.02,-0.07,-0.09,-450
NFG,2020-11-05,Sep 2020,0.34,0.4,0.06,17.6
NFLX,2020-10-20,Sep 2020,2.13,1.74,-0.39,-18.3
NI,2020-11-02,Sep 2020,0.02,0.09,0.07,350
NKE,2020-09-22,Aug 2020,0.48,0.95,0.47,97.9
NKTR,2020-11-05,Sep 2020,-0.8,-0.61,0.19,23.7
NLOK,2020-11-05,Sep 2020,0.33,0.36,0.03,9
NLSN,2020-11-02,Sep 2020,0.42,0.43,0.01,2.3
NLY,2020-10-28,Sep 2020,0.26,0.32,0.06,23
NNN,2020-11-02,Sep 2020,0.66,0.62,-0.04,-6
NOC,2020-10-22,Sep 2020,5.6,5.89,0.29,5.1
NOV,2020-10-26,Sep 2020,-0.09,-0.01,0.08,88.8
NOW,2020-10-28,Sep 2020,1.03,1.21,0.18,17.4
NRG,2020-11-05,Sep 2020,1.01,1.02,0.01,0.9
NRZ,2020-10-26,Sep 2020,0.34,0.31,-0.03,-8.8
NSC,2020-10-28,Sep 2020,2.36,2.51,0.15,6.3
NTAP,2020-12-01,Oct 2020,0.72,1.05,0.33,45.8
NTNX,2020-11-23,Oct 2020,-0.57,-0.44,0.13,22.8
NTRS,2020-10-21,Sep 2020,1.4,1.32,-0.08,-5.7
NUAN,2020-11-18,Sep 2020,0.16,0.18,0.02,12.5
NUE,2020-10-22,Sep 2020,0.53,0.63,0.1,18.8
NUS,2020-11-04,Sep 2020,0.99,1.08,0.09,9
NVCR,2020-10-29,Sep 2020,0.04,0.09,0.05,125
NVDA,2020-11-18,Oct 2020,2.57,2.91,0.34,13.2
NVR,2020-10-20,Sep 2020,62.01,65.11,3.1,5
NVST,2020-10-29,Sep 2020,0.09,0.48,0.39,433.3
NVT,2020-10-30,Sep 2020,0.4,0.45,0.05,12.5
NWL,2020-10-30,Sep 2020,0.44,0.84,0.4,90.9
NWSA,2020-11-05,Sep 2020,0.04,0.08,0.04,100
NXST,2020-11-05,Sep 2020,2.43,4.08,1.65,67.9
NYCB,2020-10-28,Sep 2020,0.23,0.23,0,0
NYT,2020-11-05,Sep 2020,0.15,0.22,0.07,46.6
O,2020-11-02,Sep 2020,0.84,0.81,-0.03,-3.5
OC,2020-10-28,Sep 2020,1.32,1.7,0.38,28.7
ODFL,2020-10-27,Sep 2020,1.51,1.71,0.2,13.2
OFC,2020-10-29,Sep 2020,0.52,0.54,0.02,3.8
OGE,2020-11-05,Sep 2020,1.09,1.04,-0.05,-4.5
OHI,2020-10-29,Sep 2020,0.8,0.82,0.02,2.5
OKE,2020-10-27,Sep 2020,0.59,0.7,0.11,18.6
OKTA,2020-12-02,Oct 2020,-0.01,0.04,0.05,500
OLED,2020-10-29,Sep 2020,0.54,0.85,0.31,57.4
OLLI,2020-12-03,Oct 2020,0.58,0.65,0.07,12
OLN,2020-11-04,Sep 2020,-0.23,-0.2,0.03,13
OMC,2020-10-27,Sep 2020,1.12,1.21,0.09,8
OMF,2020-10-26,Sep 2020,1.15,2.19,1.04,90.4
ON,2020-10-31,Sep 2020,0.19,0.27,0.08,42.1
ORCL,2020-09-10,Aug 2020,0.86,0.93,0.07,8.1
ORI,2020-10-22,Sep 2020,0.41,0.62,0.21,51.2
ORLY,2020-10-28,Sep 2020,6.34,7.07,0.73,11.5
OSH,2020-11-09,Sep 2020,-0.15,-0.15,0,0
OSK,2020-10-29,Sep 2020,1.02,1.3,0.28,27.4
OTIS,2020-10-26,Sep 2020,0.57,0.69,0.12,21
OUT,2020-11-04,Sep 2020,0.12,-0.14,-0.26,-216.6
OXY,2020-11-09,Sep 2020,-0.7,-0.84,-0.14,-20
OZK,2020-10-22,Sep 2020,0.57,0.84,0.27,47.3
PACW,2020-10-14,Sep 2020,0.63,0.38,-0.25,-39.6
PAG,2020-10-22,Sep 2020,1.59,2.87,1.28,80.5
PANW,2020-11-16,Oct 2020,1.34,1.62,0.28,20.9
PAYC,2020-11-04,Sep 2020,0.56,0.7,0.14,25
PAYX,2020-10-06,Aug 2020,0.56,0.63,0.07,12.5
PB,2020-10-28,Sep 2020,1.31,1.4,0.09,6.8
PBCT,2020-10-22,Sep 2020,0.28,0.34,0.06,21.4
PCAR,2020-10-20,Sep 2020,0.96,1.11,0.15,15.6
PCG,2020-10-29,Sep 2020,0.25,0.22,-0.03,-12
PCTY,2020-11-05,Sep 2020,0.15,0.38,0.23,153.3
PD,2020-12-03,Oct 2020,-0.1,-0.09,0.01,10
PEAK,2020-11-02,Sep 2020,0.39,0.4,0.01,2.5
PEG,2020-10-30,Sep 2020,0.95,0.96,0.01,1
PEGA,2020-10-28,Sep 2020,-0.08,-0.33,-0.25,-312.5
PEN,2020-10-28,Sep 2020,-0.13,0.06,0.19,146.1
PEP,2020-10-01,Sep 2020,1.48,1.66,0.18,12.1
PFE,2020-10-27,Sep 2020,0.7,0.72,0.02,2.8
PFG,2020-10-26,Sep 2020,1.47,0.85,-0.62,-42.1
PFPT,2020-10-29,Sep 2020,0.39,0.53,0.14,35.9
PG,2020-10-20,Sep 2020,1.43,1.63,0.2,13.9
PGR,2020-10-14,Sep 2020,1.69,1.87,0.18,10.6
PGRE,2020-10-28,Sep 2020,0.23,-0.04,-0.27,-117.3
PH,2020-11-05,Sep 2020,2.29,3.07,0.78,34
PHM,2020-10-22,Sep 2020,1.11,1.34,0.23,20.7
PII,2020-10-27,Sep 2020,2.18,2.85,0.67,30.7
PINC,2020-11-02,Sep 2020,0.5,0.57,0.07,14
PINS,2020-10-28,Sep 2020,0.01,0.13,0.12,1200
PK,2020-11-05,Sep 2020,-0.53,-1.17,-0.64,-120.7
PKG,2020-10-26,Sep 2020,1.36,1.57,0.21,15.4
PKI,2020-10-28,Sep 2020,1.42,2.09,0.67,47.1
PLAN,2020-11-24,Oct 2020,-0.1,-0.05,0.05,50
PLD,2020-10-20,Sep 2020,0.88,0.9,0.02,2.2
PLNT,2020-11-05,Sep 2020,0.11,0.02,-0.09,-81.8
PM,2020-10-20,Sep 2020,1.36,1.42,0.06,4.4
PNC,2020-10-14,Sep 2020,2.09,3.39,1.3,62.2
PNFP,2020-10-20,Sep 2020,1.1,1.45,0.35,31.8
PNR,2020-10-20,Sep 2020,0.52,0.7,0.18,34.6
PNW,2020-10-30,Sep 2020,2.98,3.07,0.09,3
PODD,2020-11-04,Sep 2020,0.06,0.17,0.11,183.3
POOL,2020-10-22,Sep 2020,2.14,2.71,0.57,26.6
POST,2020-11-19,Sep 2020,0.74,0.58,-0.16,-21.6
PPC,2020-10-28,Sep 2020,0.33,0.66,0.33,100
PPD,2020-10-27,Sep 2020,0.32,0.3,-0.02,-6.2
PPG,2020-10-19,Sep 2020,1.92,1.93,0.01,0.5
PPL,2020-11-05,Sep 2020,0.61,0.58,-0.03,-4.9
PRAH,2020-11-04,Sep 2020,1.13,1.3,0.17,15
PRGO,2020-11-04,Sep 2020,0.84,0.93,0.09,10.7
PRI,2020-11-04,Sep 2020,2.38,2.78,0.4,16.8
PRU,2020-11-03,Sep 2020,2.69,3.21,0.52,19.3
PSA,2020-11-04,Sep 2020,2.6,2.63,0.03,1.1
PSTG,2020-11-24,Oct 2020,-0.01,0.01,0.02,200
PSX,2020-10-30,Sep 2020,-0.8,-0.01,0.79,98.7
PTC,2020-10-28,Sep 2020,0.56,0.78,0.22,39.2
PTON,2020-11-05,Sep 2020,0.12,0.2,0.08,66.6
PVH,2020-12-02,Oct 2020,0.24,1.32,1.08,450
PWR,2020-10-29,Sep 2020,1.11,1.4,0.29,26.1
PXD,2020-11-04,Sep 2020,0.18,0.17,-0.01,-5.5
PYPL,2020-11-02,Sep 2020,0.94,1.07,0.13,13.8
QCOM,2020-11-04,Sep 2020,1.19,1.45,0.26,21.8
QDEL,2020-10-29,Sep 2020,4.58,5.78,1.2,26.2
QGEN,2020-10-27,Sep 2020,0.55,0.58,0.03,5.4
QRTEA,2020-11-04,Sep 2020,0.43,0.57,0.14,32.5
QRVO,2020-11-04,Sep 2020,2.14,2.43,0.29,13.5
R,2020-10-28,Sep 2020,-0.43,1.21,1.64,381.4
RBC,2020-10-28,Sep 2020,1.24,1.73,0.49,39.5
RCL,2020-10-29,Sep 2020,-4.92,-5.62,-0.7,-14.2
RE,2020-10-29,Sep 2020,2.81,2.42,-0.39,-13.8
REG,2020-11-05,Sep 2020,0.75,0.69,-0.06,-8
REGN,2020-11-05,Sep 2020,7.23,8.36,1.13,15.6
RETA,2020-11-09,Sep 2020,-2.1,-1.94,0.16,7.6
REXR,2020-10-20,Sep 2020,0.32,0.21,-0.11,-34.3
REYN,2020-11-11,Sep 2020,0.51,0.56,0.05,9.8
RF,2020-10-20,Sep 2020,0.34,0.49,0.15,44.1
RGA,2020-11-05,Sep 2020,1.98,3.51,1.53,77.2
RGEN,2020-11-05,Sep 2020,0.28,0.4,0.12,42.8
RGLD,2020-11-04,Sep 2020,0.8,0.82,0.02,2.5
RHI,2020-10-22,Sep 2020,0.6,0.67,0.07,11.6
RJF,2020-10-28,Sep 2020,1.36,1.78,0.42,30.8
RKT,2020-11-10,Sep 2020,1.03,1.21,0.18,17.4
RL,2020-10-29,Sep 2020,0.94,1.44,0.5,53.1
RMD,2020-10-29,Sep 2020,0.98,1.27,0.29,29.5
RNG,2020-11-09,Sep 2020,0.24,0.26,0.02,8.3
RNR,2020-10-27,Sep 2020,-2.03,-2.64,-0.61,-30
ROK,2020-11-10,Sep 2020,1.77,1.87,0.1,5.6
ROKU,2020-11-05,Sep 2020,-0.39,0.09,0.48,123
ROL,2020-10-28,Sep 2020,0.15,0.17,0.02,13.3
ROP,2020-10-27,Sep 2020,3.01,3.17,0.16,5.3
ROST,2020-11-19,Oct 2020,0.63,1.02,0.39,61.9
RPM,2020-10-07,Aug 2020,1.21,1.44,0.23,19
RPRX,2020-11-10,Sep 2020,0.59,0.48,-0.11,-18.6
RS,2020-10-22,Sep 2020,1.53,1.87,0.34,22.2
RSG,2020-11-05,Sep 2020,0.83,1,0.17,20.4
RTX,2020-10-27,Sep 2020,0.48,0.58,0.1,20.8
RYN,2020-10-28,Sep 2020,0.04,0.06,0.02,50
SABR,2020-11-06,Sep 2020,-0.63,-0.82,-0.19,-30.1
SAGE,2020-11-05,Sep 2020,-2.3,-2.03,0.27,11.7
SAIC,2020-12-03,Oct 2020,1.53,1.62,0.09,5.8
SAM,2020-10-22,Sep 2020,5.24,6.1,0.86,16.4
SATS,2020-11-05,Sep 2020,-0.14,0.26,0.4,285.7
SBAC,2020-11-02,Sep 2020,2.32,0.2,-2.12,-91.3
SBNY,2020-10-20,Sep 2020,2.78,2.62,-0.16,-5.7
SBUX,2020-10-29,Sep 2020,0.33,0.51,0.18,54.5
SC,2020-10-28,Sep 2020,0.75,1.58,0.83,110.6
SCCO,2020-10-26,Sep 2020,0.57,0.65,0.08,14
SCHW,2020-10-15,Sep 2020,0.47,0.51,0.04,8.5
SCI,2020-10-28,Sep 2020,0.43,0.79,0.36,83.7
SEDG,2020-11-02,Sep 2020,0.82,1.21,0.39,47.5
SEE,2020-10-28,Sep 2020,0.67,0.82,0.15,22.3
SEIC,2020-10-21,Sep 2020,0.81,0.75,-0.06,-7.4
SFM,2020-10-28,Sep 2020,0.35,0.52,0.17,48.5
SGEN,2020-10-29,Sep 2020,-0.08,3.5,3.58,4475
SHW,2020-10-27,Sep 2020,2.6,2.76,0.16,6.1
SIRI,2020-10-22,Sep 2020,0.06,0.06,0,0
SIVB,2020-10-22,Sep 2020,5.45,8.47,3.02,55.4
SIX,2020-10-28,Sep 2020,-1.06,-1.37,-0.31,-29.2
SJM,2020-11-24,Oct 2020,2.24,2.39,0.15,6.7
SKX,2020-10-29,Sep 2020,0.35,0.53,0.18,51.4
SLB,2020-10-16,Sep 2020,0.13,0.16,0.03,23
SLG,2020-10-21,Sep 2020,1.59,1.8,0.21,13.2
SLGN,2020-10-21,Sep 2020,0.95,1.04,0.09,9.4
SLM,2020-10-21,Sep 2020,0.14,0.47,0.33,235.7
SMAR,2020-12-07,Oct 2020,-0.22,-0.12,0.1,45.4
SMG,2020-11-04,Sep 2020,0.07,0.06,-0.01,-14.2
SNA,2020-10-22,Sep 2020,2.16,3.28,1.12,51.8
SNDR,2020-10-29,Sep 2020,0.31,0.31,0,0
SNPS,2020-12-02,Oct 2020,1.57,1.58,0.01,0.6
SNV,2020-10-20,Sep 2020,0.48,0.89,0.41,85.4
SNX,2020-09-29,Aug 2020,2.31,3.33,1.02,44.1
SO,2020-10-29,Sep 2020,1.24,1.22,-0.02,-1.6
SON,2020-10-22,Sep 2020,0.81,0.86,0.05,6.1
SPB,2020-11-13,Sep 2020,1.19,1.72,0.53,44.5
SPCE,2020-11-05,Sep 2020,-0.27,-0.34,-0.07,-25.9
SPG,2020-11-09,Sep 2020,2.25,2.05,-0.2,-8.8
SPGI,2020-10-27,Sep 2020,2.64,2.85,0.21,7.9
SPLK,2020-12-02,Oct 2020,0.1,-0.07,-0.17,-170
SPOT,2020-10-29,Sep 2020,-0.58,-0.68,-0.1,-17.2
SPR,2020-11-03,Sep 2020,-1.65,-1.34,0.31,18.7
SQ,2020-11-05,Sep 2020,0.14,0.34,0.2,142.8
SRC,2020-11-02,Sep 2020,0.69,0.72,0.03,4.3
SRCL,2020-11-05,Sep 2020,0.57,0.68,0.11,19.3
SRE,2020-11-05,Sep 2020,1.47,1.31,-0.16,-10.8
SRPT,2020-11-05,Sep 2020,-1.89,-2.5,-0.61,-32.2
SSNC,2020-10-28,Sep 2020,1,1.1,0.1,10
ST,2020-10-27,Sep 2020,0.54,0.66,0.12,22.2
STAY,2020-11-09,Sep 2020,0.12,0.19,0.07,58.3
STE,2020-11-02,Sep 2020,1.24,1.48,0.24,19.3
STL,2020-10-21,Sep 2020,0.38,0.45,0.07,18.4
STLD,2020-10-19,Sep 2020,0.47,0.51,0.04,8.5
STNE,2020-10-29,Sep 2020,0.13,0.16,0.03,23
STOR,2020-11-05,Sep 2020,0.45,0.23,-0.22,-48.8
STT,2020-10-16,Sep 2020,1.42,1.45,0.03,2.1
STWD,2020-11-05,Sep 2020,0.47,0.5,0.03,6.3
STZ,2020-10-01,Aug 2020,2.51,2.76,0.25,9.9
SUI,2020-10-21,Sep 2020,1.43,1.6,0.17,11.8
SWCH,2020-11-05,Sep 2020,0.04,0.05,0.01,25
SWI,2020-10-27,Sep 2020,0.24,0.28,0.04,16.6
SWK,2020-10-27,Sep 2020,2.67,2.89,0.22,8.2
SWKS,2020-11-02,Sep 2020,1.52,1.85,0.33,21.7
SYF,2020-10-20,Sep 2020,0.83,0.72,-0.11,-13.2
SYK,2020-10-29,Sep 2020,1.4,2.14,0.74,52.8
SYNH,2020-10-29,Sep 2020,0.9,1.04,0.14,15.5
SYY,2020-11-03,Sep 2020,0.2,0.34,0.14,70
T,2020-10-22,Sep 2020,0.77,0.76,-0.01,-1.3
TAP,2020-10-29,Sep 2020,1.04,1.62,0.58,55.7
TCF,2020-10-26,Sep 2020,0.62,0.63,0.01,1.6
TDC,2020-11-05,Sep 2020,0.31,0.43,0.12,38.7
TDG,2020-11-12,Sep 2020,1.9,2.89,0.99,52.1
TDOC,2020-10-28,Sep 2020,-0.33,-0.13,0.2,60.6
TDS,2020-11-05,Sep 2020,0.26,0.66,0.4,153.8
TDY,2020-10-21,Sep 2020,2.4,2.48,0.08,3.3
TEAM,2020-10-29,Sep 2020,0.27,0.3,0.03,11.1
TECH,2020-11-05,Sep 2020,1.14,1.43,0.29,25.4
TER,2020-10-20,Sep 2020,1.11,1.18,0.07,6.3
TFC,2020-10-15,Sep 2020,0.88,0.97,0.09,10.2
TFSL,2020-10-29,Sep 2020,0.06,0.05,-0.01,-16.6
TFX,2020-10-29,Sep 2020,2.27,2.77,0.5,22
TGT,2020-11-18,Oct 2020,1.61,2.79,1.18,73.2
THG,2020-10-27,Sep 2020,2.24,2.46,0.22,9.8
THO,2020-12-08,Oct 2020,1.46,2.05,0.59,40.4
THS,2020-11-05,Sep 2020,0.61,0.71,0.1,16.3
TJX,2020-11-18,Oct 2020,0.41,0.71,0.3,73.1
TKR,2020-10-29,Sep 2020,0.91,1.13,0.22,24.1
TMO,2020-10-21,Sep 2020,4.37,5.63,1.26,28.8
TMUS,2020-11-05,Sep 2020,0.51,1.17,0.66,129.4
TMX,2020-11-05,Sep 2020,0.22,0.26,0.04,18.1
TNDM,2020-11-05,Sep 2020,-0.08,-0.09,-0.01,-12.5
TOL,2020-12-07,Oct 2020,1.23,1.55,0.32,26
TPR,2020-10-29,Sep 2020,0.22,0.58,0.36,163.6
TPX,2020-10-29,Sep 2020,0.55,0.74,0.19,34.5
TREE,2020-11-05,Sep 2020,-0.15,-0.26,-0.11,-73.3
TREX,2020-11-02,Sep 2020,0.38,0.41,0.03,7.8
TRGP,2020-11-05,Sep 2020,0.09,0.16,0.07,77.7
TRIP,2020-11-05,Sep 2020,-0.29,-0.17,0.12,41.3
TRMB,2020-11-04,Sep 2020,0.43,0.6,0.17,39.5
TRN,2020-10-21,Sep 2020,0.05,0.17,0.12,240
TROW,2020-10-29,Sep 2020,2.53,2.55,0.02,0.7
TRU,2020-10-27,Sep 2020,0.76,0.81,0.05,6.5
TRV,2020-10-20,Sep 2020,2.91,3.12,0.21,7.2
TSCO,2020-10-22,Sep 2020,1.38,1.62,0.24,17.3
TSLA,2020-10-21,Sep 2020,0.55,0.76,0.21,38.1
TSN,2020-11-16,Sep 2020,1.15,1.81,0.66,57.3
TT,2020-10-28,Sep 2020,1.34,1.72,0.38,28.3
TTC,2020-12-16,Oct 2020,0.52,0.64,0.12,23
TTD,2020-11-05,Sep 2020,0.49,1.27,0.78,159.1
TTWO,2020-11-05,Sep 2020,1.45,2.04,0.59,40.6
TW,2020-10-28,Sep 2020,0.29,0.3,0.01,3.4
TWLO,2020-10-26,Sep 2020,-0.05,0.04,0.09,180
TWOU,2020-10-27,Sep 2020,-0.27,-0.24,0.03,11.1
TWTR,2020-10-29,Sep 2020,0.06,0.19,0.13,216.6
TXG,2020-11-10,Sep 2020,-0.33,-0.33,0,0
TXN,2020-10-20,Sep 2020,1.27,1.45,0.18,14.1
TXT,2020-10-29,Sep 2020,0.35,0.53,0.18,51.4
TYL,2020-11-04,Sep 2020,1.34,1.5,0.16,11.9
U,2020-11-12,Sep 2020,-0.15,-0.09,0.06,40
UAA,2020-10-30,Sep 2020,0.04,0.26,0.22,550
UAL,2020-10-14,Sep 2020,-7.63,-8.16,-0.53,-6.9
UBER,2020-11-05,Sep 2020,-0.6,-0.62,-0.02,-3.3
UDR,2020-10-29,Sep 2020,0.5,0.5,0,0
UGI,2020-11-18,Sep 2020,-0.33,-0.14,0.19,57.5
UHAL,2020-11-04,Sep 2020,4.58,13.58,9,196.5
UHS,2020-10-29,Sep 2020,2.04,2.88,0.84,41.1
UI,2020-11-06,Sep 2020,1.47,2.47,1,68
ULTA,2020-12-03,Oct 2020,1.51,1.64,0.13,8.6
UMPQ,2020-10-21,Sep 2020,0.34,0.57,0.23,67.6
UNH,2020-10-14,Sep 2020,2.98,3.51,0.53,17.7
UNM,2020-10-27,Sep 2020,1.31,1.21,-0.1,-7.6
UNP,2020-10-22,Sep 2020,2.03,2.01,-0.02,-0.9
UNVR,2020-11-04,Sep 2020,0.23,0.34,0.11,47.8
UPS,2020-10-28,Sep 2020,1.86,2.28,0.42,22.5
URI,2020-10-28,Sep 2020,4.33,5.4,1.07,24.7
USB,2020-10-14,Sep 2020,0.93,0.99,0.06,6.4
USFD,2020-11-02,Sep 2020,0.2,0.15,-0.05,-25
USM,2020-11-05,Sep 2020,0.3,0.97,0.67,223.3
UTHR,2020-10-28,Sep 2020,2.41,3.84,1.43,59.3
V,2020-10-28,Sep 2020,1.09,1.12,0.03,2.7
VEEV,2020-12-01,Oct 2020,0.68,0.78,0.1,14.7
VER,2020-11-05,Sep 2020,0.75,0.4,-0.35,-46.6
VFC,2020-10-16,Sep 2020,0.51,0.67,0.16,31.3
VIAC,2020-11-06,Sep 2020,0.83,0.91,0.08,9.6
VICI,2020-10-28,Sep 2020,0.42,0.74,0.32,76.1
VIRT,2020-11-06,Sep 2020,0.75,0.81,0.06,8
VLO,2020-10-22,Sep 2020,-1.35,-1.16,0.19,14
VMC,2020-11-05,Sep 2020,1.63,1.56,-0.07,-4.2
VMI,2020-10-21,Sep 2020,1.71,1.99,0.28,16.3
VMW,2020-11-24,Oct 2020,1.43,1.66,0.23,16
VNO,2020-11-02,Sep 2020,0.64,0.59,-0.05,-7.8
VNT,2020-10-29,Sep 2020,0.69,0.8,0.11,15.9
VOYA,2020-11-04,Sep 2020,1.41,1.19,-0.22,-15.6
VRM,2020-11-11,Sep 2020,-0.37,-0.31,0.06,16.2
VRSK,2020-11-04,Sep 2020,1.21,1.32,0.11,9
VRSN,2020-10-22,Sep 2020,1.26,1.49,0.23,18.2
VRT,2020-11-04,Sep 2020,0.26,0.32,0.06,23
VRTX,2020-10-29,Sep 2020,2.39,2.64,0.25,10.4
VSAT,2020-11-05,Sep 2020,-0.05,0.03,0.08,160
VST,2020-11-04,Sep 2020,0.4,1.02,0.62,155
VTR,2020-11-06,Sep 2020,0.72,0.75,0.03,4.1
VVV,2020-10-28,Sep 2020,0.36,0.46,0.1,27.7
VZ,2020-10-21,Sep 2020,1.22,1.25,0.03,2.4
W,2020-11-03,Sep 2020,0.81,2.3,1.49,183.9
WAB,2020-10-29,Sep 2020,0.9,0.95,0.05,5.5
WAL,2020-10-22,Sep 2020,1.04,1.36,0.32,30.7
WAT,2020-10-27,Sep 2020,1.91,2.16,0.25,13
WBA,2020-10-15,Aug 2020,0.96,1.02,0.06,6.2
WBS,2020-10-22,Sep 2020,0.69,0.75,0.06,8.7
WDAY,2020-11-19,Oct 2020,0.67,0.86,0.19,28.3
WDC,2020-10-28,Sep 2020,0.54,0.65,0.11,20.3
WEC,2020-11-03,Sep 2020,0.76,0.84,0.08,10.5
WELL,2020-10-28,Sep 2020,0.81,1.17,0.36,44.4
WEN,2020-11-04,Sep 2020,0.17,0.19,0.02,11.7
WEX,2020-10-29,Sep 2020,1.75,1.59,-0.16,-9.1
WFC,2020-10-14,Sep 2020,0.47,0.56,0.09,19.1
WH,2020-10-28,Sep 2020,0.3,0.36,0.06,20
WHR,2020-10-21,Sep 2020,4.1,6.91,2.81,68.5
WLK,2020-11-03,Sep 2020,0.46,0.6,0.14,30.4
WLTW,2020-10-29,Sep 2020,1.28,1.33,0.05,3.9
WM,2020-11-02,Sep 2020,1.03,1.09,0.06,5.8
WMB,2020-11-02,Sep 2020,0.27,0.27,0,0
WMT,2020-11-17,Oct 2020,1.19,1.34,0.15,12.6
WORK,2020-12-01,Oct 2020,-0.05,0.01,0.06,120
WPC,2020-10-30,Sep 2020,1.14,1.15,0.01,0.8
WRB,2020-10-20,Sep 2020,0.62,0.65,0.03,4.8
WRI,2020-10-29,Sep 2020,0.4,0.44,0.04,10
WRK,2020-11-05,Sep 2020,0.68,0.73,0.05,7.3
WSM,2020-11-19,Oct 2020,1.52,2.56,1.04,68.4
WSO,2020-10-22,Sep 2020,2.53,2.76,0.23,9
WST,2020-10-22,Sep 2020,1.01,1.15,0.14,13.8
WTFC,2020-10-21,Sep 2020,1.08,1.67,0.59,54.6
WTRG,2020-11-03,Sep 2020,0.26,0.23,-0.03,-11.5
WU,2020-10-29,Sep 2020,0.47,0.57,0.1,21.2
WWD,2020-11-19,Sep 2020,0.54,0.75,0.21,38.8
WWE,2020-10-29,Sep 2020,0.35,0.56,0.21,60
WY,2020-10-30,Sep 2020,0.39,0.52,0.13,33.3
WYNN,2020-11-05,Sep 2020,-3.32,-7.04,-3.72,-112
XEC,2020-11-04,Sep 2020,0.21,0.51,0.3,142.8
XEL,2020-10-29,Sep 2020,1.08,1.14,0.06,5.5
XLNX,2020-10-21,Sep 2020,0.76,0.82,0.06,7.8
XLRN,2020-11-05,Sep 2020,-0.55,-0.66,-0.11,-20
XOM,2020-10-30,Sep 2020,-0.28,-0.18,0.1,35.7
XPO,2020-11-05,Sep 2020,0.38,0.84,0.46,121
XRAY,2020-11-05,Sep 2020,0.28,0.67,0.39,139.2
XRX,2020-10-27,Sep 2020,0.24,0.48,0.24,100
XYL,2020-10-29,Sep 2020,0.52,0.62,0.1,19.2
Y,2020-11-03,Sep 2020,-3.37,3.23,6.6,195.8
YUM,2020-10-29,Sep 2020,0.79,1.01,0.22,27.8
YUMC,2020-10-28,Sep 2020,0.46,0.66,0.2,43.4
ZBH,2020-11-06,Sep 2020,1.05,1.81,0.76,72.3
ZBRA,2020-11-03,Sep 2020,2.82,3.27,0.45,15.9
ZEN,2020-10-29,Sep 2020,0.1,0.17,0.07,70
ZG,2020-11-05,Sep 2020,0.15,0.37,0.22,146.6
ZION,2020-10-19,Sep 2020,0.86,1.01,0.15,17.4
ZM,2020-11-30,Oct 2020,0.75,0.99,0.24,32
ZNGA,2020-11-04,Sep 2020,0.09,-0.03,-0.12,-133.3
ZS,2020-12-02,Oct 2020,0.06,0.14,0.08,133.3
ZTS,2020-11-05,Sep 2020,0.89,1.1,0.21,23.6
